Model,Accuracy,Precision,Recall,F1,ROC
Random Forest,0.9955,0.8387096774193549,0.8666666666666667,0.8524590163934426,0.9994754653130289
