Metric,Value
Accuracy,0.9955
Precision,0.8387096774193549
Recall,0.8666666666666667
F1 Score,0.8524590163934426
ROC AUC,0.9994754653130289
Cross Validation,0.9957
